GSM_ID,GSE_ID,Labels,platform,Labels_5class,Labels_3class,Labels_2class
GSM47616,GSE02503,NSK,hgu133a.db,Healthy,Healthy,Healthy
GSM768003,GSE30999,NSK,hgu133plus2.db,Healthy,Healthy,Healthy
GSM768002,GSE30999,NSK,hgu133plus2.db,Healthy,Healthy,Healthy
GSM768000,GSE30999,NSK,hgu133plus2.db,Healthy,Healthy,Healthy
GSM767997,GSE30999,NSK,hgu133plus2.db,Healthy,Healthy,Healthy
GSM767995,GSE30999,NSK,hgu133plus2.db,Healthy,Healthy,Healthy
GSM767993,GSE30999,NSK,hgu133plus2.db,Healthy,Healthy,Healthy
GSM767991,GSE30999,NSK,hgu133plus2.db,Healthy,Healthy,Healthy
GSM767989,GSE30999,NSK,hgu133plus2.db,Healthy,Healthy,Healthy
GSM767986,GSE30999,NSK,hgu133plus2.db,Healthy,Healthy,Healthy
GSM767984,GSE30999,NSK,hgu133plus2.db,Healthy,Healthy,Healthy
GSM2183515,GSE82105,NSK,hgu133plus2.db,Healthy,Healthy,Healthy
GSM767980,GSE30999,NSK,hgu133plus2.db,Healthy,Healthy,Healthy
GSM767978,GSE30999,NSK,hgu133plus2.db,Healthy,Healthy,Healthy
GSM767976,GSE30999,NSK,hgu133plus2.db,Healthy,Healthy,Healthy
GSM390223,GSE15605,NSK,hgu133plus2.db,Healthy,Healthy,Healthy
GSM390222,GSE15605,NSK,hgu133plus2.db,Healthy,Healthy,Healthy
GSM390221,GSE15605,NSK,hgu133plus2.db,Healthy,Healthy,Healthy
GSM390220,GSE15605,NSK,hgu133plus2.db,Healthy,Healthy,Healthy
GSM390219,GSE15605,NSK,hgu133plus2.db,Healthy,Healthy,Healthy
GSM390218,GSE15605,NSK,hgu133plus2.db,Healthy,Healthy,Healthy
GSM390217,GSE15605,NSK,hgu133plus2.db,Healthy,Healthy,Healthy
GSM390216,GSE15605,NSK,hgu133plus2.db,Healthy,Healthy,Healthy
GSM390215,GSE15605,NSK,hgu133plus2.db,Healthy,Healthy,Healthy
GSM768005,GSE30999,NSK,hgu133plus2.db,Healthy,Healthy,Healthy
GSM390214,GSE15605,NSK,hgu133plus2.db,Healthy,Healthy,Healthy
GSM768007,GSE30999,NSK,hgu133plus2.db,Healthy,Healthy,Healthy
GSM768011,GSE30999,NSK,hgu133plus2.db,Healthy,Healthy,Healthy
GSM768056,GSE30999,NSK,hgu133plus2.db,Healthy,Healthy,Healthy
GSM768054,GSE30999,NSK,hgu133plus2.db,Healthy,Healthy,Healthy
GSM768052,GSE30999,NSK,hgu133plus2.db,Healthy,Healthy,Healthy
GSM768050,GSE30999,NSK,hgu133plus2.db,Healthy,Healthy,Healthy
GSM768048,GSE30999,NSK,hgu133plus2.db,Healthy,Healthy,Healthy
GSM768046,GSE30999,NSK,hgu133plus2.db,Healthy,Healthy,Healthy
GSM768044,GSE30999,NSK,hgu133plus2.db,Healthy,Healthy,Healthy
GSM768043,GSE30999,NSK,hgu133plus2.db,Healthy,Healthy,Healthy
GSM768041,GSE30999,NSK,hgu133plus2.db,Healthy,Healthy,Healthy
GSM768039,GSE30999,NSK,hgu133plus2.db,Healthy,Healthy,Healthy
GSM768037,GSE30999,NSK,hgu133plus2.db,Healthy,Healthy,Healthy
GSM768035,GSE30999,NSK,hgu133plus2.db,Healthy,Healthy,Healthy
GSM768033,GSE30999,NSK,hgu133plus2.db,Healthy,Healthy,Healthy
GSM768031,GSE30999,NSK,hgu133plus2.db,Healthy,Healthy,Healthy
GSM768029,GSE30999,NSK,hgu133plus2.db,Healthy,Healthy,Healthy
GSM768027,GSE30999,NSK,hgu133plus2.db,Healthy,Healthy,Healthy
GSM768025,GSE30999,NSK,hgu133plus2.db,Healthy,Healthy,Healthy
GSM768023,GSE30999,NSK,hgu133plus2.db,Healthy,Healthy,Healthy
GSM768021,GSE30999,NSK,hgu133plus2.db,Healthy,Healthy,Healthy
GSM768019,GSE30999,NSK,hgu133plus2.db,Healthy,Healthy,Healthy
GSM768017,GSE30999,NSK,hgu133plus2.db,Healthy,Healthy,Healthy
GSM768015,GSE30999,NSK,hgu133plus2.db,Healthy,Healthy,Healthy
GSM768013,GSE30999,NSK,hgu133plus2.db,Healthy,Healthy,Healthy
GSM768009,GSE30999,NSK,hgu133plus2.db,Healthy,Healthy,Healthy
GSM768059,GSE30999,NSK,hgu133plus2.db,Healthy,Healthy,Healthy
GSM390213,GSE15605,NSK,hgu133plus2.db,Healthy,Healthy,Healthy
GSM390211,GSE15605,NSK,hgu133plus2.db,Healthy,Healthy,Healthy
GSM337257,GSE13355,NSK,hgu133plus2.db,Healthy,Healthy,Healthy
GSM337256,GSE13355,NSK,hgu133plus2.db,Healthy,Healthy,Healthy
GSM337255,GSE13355,NSK,hgu133plus2.db,Healthy,Healthy,Healthy
GSM337254,GSE13355,NSK,hgu133plus2.db,Healthy,Healthy,Healthy
GSM337253,GSE13355,NSK,hgu133plus2.db,Healthy,Healthy,Healthy
GSM337252,GSE13355,NSK,hgu133plus2.db,Healthy,Healthy,Healthy
GSM337251,GSE13355,NSK,hgu133plus2.db,Healthy,Healthy,Healthy
GSM337250,GSE13355,NSK,hgu133plus2.db,Healthy,Healthy,Healthy
GSM337249,GSE13355,NSK,hgu133plus2.db,Healthy,Healthy,Healthy
GSM337248,GSE13355,NSK,hgu133plus2.db,Healthy,Healthy,Healthy
GSM337247,GSE13355,NSK,hgu133plus2.db,Healthy,Healthy,Healthy
GSM337246,GSE13355,NSK,hgu133plus2.db,Healthy,Healthy,Healthy
GSM337245,GSE13355,NSK,hgu133plus2.db,Healthy,Healthy,Healthy
GSM337244,GSE13355,NSK,hgu133plus2.db,Healthy,Healthy,Healthy
GSM337243,GSE13355,NSK,hgu133plus2.db,Healthy,Healthy,Healthy
GSM337242,GSE13355,NSK,hgu133plus2.db,Healthy,Healthy,Healthy
GSM337241,GSE13355,NSK,hgu133plus2.db,Healthy,Healthy,Healthy
GSM337240,GSE13355,NSK,hgu133plus2.db,Healthy,Healthy,Healthy
GSM337239,GSE13355,NSK,hgu133plus2.db,Healthy,Healthy,Healthy
GSM337238,GSE13355,NSK,hgu133plus2.db,Healthy,Healthy,Healthy
GSM337237,GSE13355,NSK,hgu133plus2.db,Healthy,Healthy,Healthy
GSM337236,GSE13355,NSK,hgu133plus2.db,Healthy,Healthy,Healthy
GSM337235,GSE13355,NSK,hgu133plus2.db,Healthy,Healthy,Healthy
GSM337258,GSE13355,NSK,hgu133plus2.db,Healthy,Healthy,Healthy
GSM390212,GSE15605,NSK,hgu133plus2.db,Healthy,Healthy,Healthy
GSM337259,GSE13355,NSK,hgu133plus2.db,Healthy,Healthy,Healthy
GSM372286,GSE14905,NSK,hgu133plus2.db,Healthy,Healthy,Healthy
GSM390210,GSE15605,NSK,hgu133plus2.db,Healthy,Healthy,Healthy
GSM390209,GSE15605,NSK,hgu133plus2.db,Healthy,Healthy,Healthy
GSM390208,GSE15605,NSK,hgu133plus2.db,Healthy,Healthy,Healthy
GSM372306,GSE14905,NSK,hgu133plus2.db,Healthy,Healthy,Healthy
GSM372305,GSE14905,NSK,hgu133plus2.db,Healthy,Healthy,Healthy
GSM372304,GSE14905,NSK,hgu133plus2.db,Healthy,Healthy,Healthy
GSM372303,GSE14905,NSK,hgu133plus2.db,Healthy,Healthy,Healthy
GSM372302,GSE14905,NSK,hgu133plus2.db,Healthy,Healthy,Healthy
GSM372301,GSE14905,NSK,hgu133plus2.db,Healthy,Healthy,Healthy
GSM372300,GSE14905,NSK,hgu133plus2.db,Healthy,Healthy,Healthy
GSM372299,GSE14905,NSK,hgu133plus2.db,Healthy,Healthy,Healthy
GSM372298,GSE14905,NSK,hgu133plus2.db,Healthy,Healthy,Healthy
GSM372297,GSE14905,NSK,hgu133plus2.db,Healthy,Healthy,Healthy
GSM372296,GSE14905,NSK,hgu133plus2.db,Healthy,Healthy,Healthy
GSM372295,GSE14905,NSK,hgu133plus2.db,Healthy,Healthy,Healthy
GSM372294,GSE14905,NSK,hgu133plus2.db,Healthy,Healthy,Healthy
GSM372293,GSE14905,NSK,hgu133plus2.db,Healthy,Healthy,Healthy
GSM372292,GSE14905,NSK,hgu133plus2.db,Healthy,Healthy,Healthy
GSM372291,GSE14905,NSK,hgu133plus2.db,Healthy,Healthy,Healthy
GSM372290,GSE14905,NSK,hgu133plus2.db,Healthy,Healthy,Healthy
GSM372289,GSE14905,NSK,hgu133plus2.db,Healthy,Healthy,Healthy
GSM372288,GSE14905,NSK,hgu133plus2.db,Healthy,Healthy,Healthy
GSM372287,GSE14905,NSK,hgu133plus2.db,Healthy,Healthy,Healthy
GSM337260,GSE13355,NSK,hgu133plus2.db,Healthy,Healthy,Healthy
GSM337234,GSE13355,NSK,hgu133plus2.db,Healthy,Healthy,Healthy
GSM768061,GSE30999,NSK,hgu133plus2.db,Healthy,Healthy,Healthy
GSM768064,GSE30999,NSK,hgu133plus2.db,Healthy,Healthy,Healthy
GSM1267428,GSE52471,NSK,hgu133a2.db,Healthy,Healthy,Healthy
GSM1267427,GSE52471,NSK,hgu133a2.db,Healthy,Healthy,Healthy
GSM1131686,GSE46517,NSK,hgu133a.db,Healthy,Healthy,Healthy
GSM1131684,GSE46517,NSK,hgu133a.db,Healthy,Healthy,Healthy
GSM1131683,GSE46517,NSK,hgu133a.db,Healthy,Healthy,Healthy
GSM1131682,GSE46517,NSK,hgu133a.db,Healthy,Healthy,Healthy
GSM1131681,GSE46517,NSK,hgu133a.db,Healthy,Healthy,Healthy
GSM1131680,GSE46517,NSK,hgu133a.db,Healthy,Healthy,Healthy
GSM1131679,GSE46517,NSK,hgu133a.db,Healthy,Healthy,Healthy
GSM1047859,GSE42677,NSK,hgu133plus2.db,Healthy,Healthy,Healthy
GSM1047858,GSE42677,NSK,hgu133plus2.db,Healthy,Healthy,Healthy
GSM1047857,GSE42677,NSK,hgu133plus2.db,Healthy,Healthy,Healthy
GSM1047856,GSE42677,NSK,hgu133plus2.db,Healthy,Healthy,Healthy
GSM1047855,GSE42677,NSK,hgu133plus2.db,Healthy,Healthy,Healthy
GSM1047854,GSE42677,NSK,hgu133plus2.db,Healthy,Healthy,Healthy
GSM1047853,GSE42677,NSK,hgu133plus2.db,Healthy,Healthy,Healthy
GSM1047852,GSE42677,NSK,hgu133plus2.db,Healthy,Healthy,Healthy
GSM1047851,GSE42677,NSK,hgu133plus2.db,Healthy,Healthy,Healthy
GSM1047850,GSE42677,NSK,hgu133plus2.db,Healthy,Healthy,Healthy
GSM815458,GSE32924,NSK,hgu133plus2.db,Healthy,Healthy,Healthy
GSM815457,GSE32924,NSK,hgu133plus2.db,Healthy,Healthy,Healthy
GSM815456,GSE32924,NSK,hgu133plus2.db,Healthy,Healthy,Healthy
GSM815455,GSE32924,NSK,hgu133plus2.db,Healthy,Healthy,Healthy
GSM1267429,GSE52471,NSK,hgu133a2.db,Healthy,Healthy,Healthy
GSM815454,GSE32924,NSK,hgu133plus2.db,Healthy,Healthy,Healthy
GSM1267430,GSE52471,NSK,hgu133a2.db,Healthy,Healthy,Healthy
GSM1267432,GSE52471,NSK,hgu133a2.db,Healthy,Healthy,Healthy
GSM2183511,GSE82105,NSK,hgu133plus2.db,Healthy,Healthy,Healthy
GSM2183505,GSE82105,NSK,hgu133plus2.db,Healthy,Healthy,Healthy
GSM2183500,GSE82105,NSK,hgu133plus2.db,Healthy,Healthy,Healthy
GSM2183495,GSE82105,NSK,hgu133plus2.db,Healthy,Healthy,Healthy
GSM2183491,GSE82105,NSK,hgu133plus2.db,Healthy,Healthy,Healthy
GSM1294037,GSE53462,NSK,lumiHumanAll.db,Healthy,Healthy,Healthy
GSM1294036,GSE53462,NSK,lumiHumanAll.db,Healthy,Healthy,Healthy
GSM1294035,GSE53462,NSK,lumiHumanAll.db,Healthy,Healthy,Healthy
GSM1294034,GSE53462,NSK,lumiHumanAll.db,Healthy,Healthy,Healthy
GSM1294033,GSE53462,NSK,lumiHumanAll.db,Healthy,Healthy,Healthy
GSM1287917,GSE53223,NSK,hgu133plus2.db,Healthy,Healthy,Healthy
GSM1287916,GSE53223,NSK,hgu133plus2.db,Healthy,Healthy,Healthy
GSM1287915,GSE53223,NSK,hgu133plus2.db,Healthy,Healthy,Healthy
GSM1287914,GSE53223,NSK,hgu133plus2.db,Healthy,Healthy,Healthy
GSM1287913,GSE53223,NSK,hgu133plus2.db,Healthy,Healthy,Healthy
GSM1287912,GSE53223,NSK,hgu133plus2.db,Healthy,Healthy,Healthy
GSM1267446,GSE52471,NSK,hgu133a2.db,Healthy,Healthy,Healthy
GSM1267445,GSE52471,NSK,hgu133a2.db,Healthy,Healthy,Healthy
GSM1267444,GSE52471,NSK,hgu133a2.db,Healthy,Healthy,Healthy
GSM1267436,GSE52471,NSK,hgu133a2.db,Healthy,Healthy,Healthy
GSM1267435,GSE52471,NSK,hgu133a2.db,Healthy,Healthy,Healthy
GSM1267434,GSE52471,NSK,hgu133a2.db,Healthy,Healthy,Healthy
GSM1267433,GSE52471,NSK,hgu133a2.db,Healthy,Healthy,Healthy
GSM1267431,GSE52471,NSK,hgu133a2.db,Healthy,Healthy,Healthy
GSM768062,GSE30999,NSK,hgu133plus2.db,Healthy,Healthy,Healthy
GSM815453,GSE32924,NSK,hgu133plus2.db,Healthy,Healthy,Healthy
GSM815451,GSE32924,NSK,hgu133plus2.db,Healthy,Healthy,Healthy
GSM768110,GSE30999,NSK,hgu133plus2.db,Healthy,Healthy,Healthy
GSM768108,GSE30999,NSK,hgu133plus2.db,Healthy,Healthy,Healthy
GSM768106,GSE30999,NSK,hgu133plus2.db,Healthy,Healthy,Healthy
GSM768104,GSE30999,NSK,hgu133plus2.db,Healthy,Healthy,Healthy
GSM768102,GSE30999,NSK,hgu133plus2.db,Healthy,Healthy,Healthy
GSM768100,GSE30999,NSK,hgu133plus2.db,Healthy,Healthy,Healthy
GSM768098,GSE30999,NSK,hgu133plus2.db,Healthy,Healthy,Healthy
GSM768096,GSE30999,NSK,hgu133plus2.db,Healthy,Healthy,Healthy
GSM768094,GSE30999,NSK,hgu133plus2.db,Healthy,Healthy,Healthy
GSM768092,GSE30999,NSK,hgu133plus2.db,Healthy,Healthy,Healthy
GSM768090,GSE30999,NSK,hgu133plus2.db,Healthy,Healthy,Healthy
GSM768088,GSE30999,NSK,hgu133plus2.db,Healthy,Healthy,Healthy
GSM768086,GSE30999,NSK,hgu133plus2.db,Healthy,Healthy,Healthy
GSM768084,GSE30999,NSK,hgu133plus2.db,Healthy,Healthy,Healthy
GSM768082,GSE30999,NSK,hgu133plus2.db,Healthy,Healthy,Healthy
GSM768080,GSE30999,NSK,hgu133plus2.db,Healthy,Healthy,Healthy
GSM768078,GSE30999,NSK,hgu133plus2.db,Healthy,Healthy,Healthy
GSM768076,GSE30999,NSK,hgu133plus2.db,Healthy,Healthy,Healthy
GSM768074,GSE30999,NSK,hgu133plus2.db,Healthy,Healthy,Healthy
GSM768072,GSE30999,NSK,hgu133plus2.db,Healthy,Healthy,Healthy
GSM768070,GSE30999,NSK,hgu133plus2.db,Healthy,Healthy,Healthy
GSM768068,GSE30999,NSK,hgu133plus2.db,Healthy,Healthy,Healthy
GSM768066,GSE30999,NSK,hgu133plus2.db,Healthy,Healthy,Healthy
GSM768112,GSE30999,NSK,hgu133plus2.db,Healthy,Healthy,Healthy
GSM815452,GSE32924,NSK,hgu133plus2.db,Healthy,Healthy,Healthy
GSM768114,GSE30999,NSK,hgu133plus2.db,Healthy,Healthy,Healthy
GSM768118,GSE30999,NSK,hgu133plus2.db,Healthy,Healthy,Healthy
GSM802186,GSE32407,NSK,hgu133a2.db,Healthy,Healthy,Healthy
GSM802183,GSE32407,NSK,hgu133a2.db,Healthy,Healthy,Healthy
GSM802174,GSE32407,NSK,hgu133a2.db,Healthy,Healthy,Healthy
GSM802171,GSE32407,NSK,hgu133a2.db,Healthy,Healthy,Healthy
GSM802162,GSE32407,NSK,hgu133a2.db,Healthy,Healthy,Healthy
GSM802159,GSE32407,NSK,hgu133a2.db,Healthy,Healthy,Healthy
GSM802150,GSE32407,NSK,hgu133a2.db,Healthy,Healthy,Healthy
GSM802147,GSE32407,NSK,hgu133a2.db,Healthy,Healthy,Healthy
GSM802138,GSE32407,NSK,hgu133a2.db,Healthy,Healthy,Healthy
GSM802135,GSE32407,NSK,hgu133a2.db,Healthy,Healthy,Healthy
GSM768144,GSE30999,NSK,hgu133plus2.db,Healthy,Healthy,Healthy
GSM768142,GSE30999,NSK,hgu133plus2.db,Healthy,Healthy,Healthy
GSM768140,GSE30999,NSK,hgu133plus2.db,Healthy,Healthy,Healthy
GSM768138,GSE30999,NSK,hgu133plus2.db,Healthy,Healthy,Healthy
GSM768136,GSE30999,NSK,hgu133plus2.db,Healthy,Healthy,Healthy
GSM768134,GSE30999,NSK,hgu133plus2.db,Healthy,Healthy,Healthy
GSM768132,GSE30999,NSK,hgu133plus2.db,Healthy,Healthy,Healthy
GSM768130,GSE30999,NSK,hgu133plus2.db,Healthy,Healthy,Healthy
GSM768128,GSE30999,NSK,hgu133plus2.db,Healthy,Healthy,Healthy
GSM768126,GSE30999,NSK,hgu133plus2.db,Healthy,Healthy,Healthy
GSM768124,GSE30999,NSK,hgu133plus2.db,Healthy,Healthy,Healthy
GSM768122,GSE30999,NSK,hgu133plus2.db,Healthy,Healthy,Healthy
GSM768120,GSE30999,NSK,hgu133plus2.db,Healthy,Healthy,Healthy
GSM768116,GSE30999,NSK,hgu133plus2.db,Healthy,Healthy,Healthy
GSM337233,GSE13355,NSK,hgu133plus2.db,Healthy,Healthy,Healthy
GSM767982,GSE30999,NSK,hgu133plus2.db,Healthy,Healthy,Healthy
GSM337231,GSE13355,NSK,hgu133plus2.db,Healthy,Healthy,Healthy
GSM337197,GSE13355,NSK,hgu133plus2.db,Healthy,Healthy,Healthy
GSM337232,GSE13355,NSK,hgu133plus2.db,Healthy,Healthy,Healthy
GSM154769,GSE06710,NSK,hgu133a.db,Healthy,Healthy,Healthy
GSM183302,GSE07553,NSK,hgu133plus2.db,Healthy,Healthy,Healthy
GSM183301,GSE07553,NSK,hgu133plus2.db,Healthy,Healthy,Healthy
GSM183300,GSE07553,NSK,hgu133plus2.db,Healthy,Healthy,Healthy
GSM47617,GSE02503,NSK,hgu133a.db,Healthy,Healthy,Healthy
GSM154771,GSE06710,NSK,hgu133a.db,Healthy,Healthy,Healthy
GSM154773,GSE06710,NSK,hgu133a.db,Healthy,Healthy,Healthy
GSM47618,GSE02503,NSK,hgu133a.db,Healthy,Healthy,Healthy
GSM154775,GSE06710,NSK,hgu133a.db,Healthy,Healthy,Healthy
GSM47619,GSE02503,NSK,hgu133a.db,Healthy,Healthy,Healthy
GSM154777,GSE06710,NSK,hgu133a.db,Healthy,Healthy,Healthy
GSM47620,GSE02503,NSK,hgu133a.db,Healthy,Healthy,Healthy
GSM154779,GSE06710,NSK,hgu133a.db,Healthy,Healthy,Healthy
GSM47621,GSE02503,NSK,hgu133a.db,Healthy,Healthy,Healthy
GSM154781,GSE06710,NSK,hgu133a.db,Healthy,Healthy,Healthy
GSM71672,GSE03189,NSK,hgu133a.db,Healthy,Healthy,Healthy
GSM154785,GSE06710,NSK,hgu133a.db,Healthy,Healthy,Healthy
GSM154787,GSE06710,NSK,hgu133a.db,Healthy,Healthy,Healthy
GSM154789,GSE06710,NSK,hgu133a.db,Healthy,Healthy,Healthy
GSM154791,GSE06710,NSK,hgu133a.db,Healthy,Healthy,Healthy
GSM154793,GSE06710,NSK,hgu133a.db,Healthy,Healthy,Healthy
GSM183234,GSE07553,NSK,hgu133plus2.db,Healthy,Healthy,Healthy
GSM71677,GSE03189,NSK,hgu133a.db,Healthy,Healthy,Healthy
GSM71676,GSE03189,NSK,hgu133a.db,Healthy,Healthy,Healthy
GSM71675,GSE03189,NSK,hgu133a.db,Healthy,Healthy,Healthy
GSM71674,GSE03189,NSK,hgu133a.db,Healthy,Healthy,Healthy
GSM71673,GSE03189,NSK,hgu133a.db,Healthy,Healthy,Healthy
GSM337198,GSE13355,NSK,hgu133plus2.db,Healthy,Healthy,Healthy
GSM337199,GSE13355,NSK,hgu133plus2.db,Healthy,Healthy,Healthy
GSM154783,GSE06710,NSK,hgu133a.db,Healthy,Healthy,Healthy
GSM337201,GSE13355,NSK,hgu133plus2.db,Healthy,Healthy,Healthy
GSM337230,GSE13355,NSK,hgu133plus2.db,Healthy,Healthy,Healthy
GSM337229,GSE13355,NSK,hgu133plus2.db,Healthy,Healthy,Healthy
GSM337228,GSE13355,NSK,hgu133plus2.db,Healthy,Healthy,Healthy
GSM337227,GSE13355,NSK,hgu133plus2.db,Healthy,Healthy,Healthy
GSM337226,GSE13355,NSK,hgu133plus2.db,Healthy,Healthy,Healthy
GSM337200,GSE13355,NSK,hgu133plus2.db,Healthy,Healthy,Healthy
GSM337225,GSE13355,NSK,hgu133plus2.db,Healthy,Healthy,Healthy
GSM337224,GSE13355,NSK,hgu133plus2.db,Healthy,Healthy,Healthy
GSM337223,GSE13355,NSK,hgu133plus2.db,Healthy,Healthy,Healthy
GSM337222,GSE13355,NSK,hgu133plus2.db,Healthy,Healthy,Healthy
GSM337221,GSE13355,NSK,hgu133plus2.db,Healthy,Healthy,Healthy
GSM337220,GSE13355,NSK,hgu133plus2.db,Healthy,Healthy,Healthy
GSM337219,GSE13355,NSK,hgu133plus2.db,Healthy,Healthy,Healthy
GSM337218,GSE13355,NSK,hgu133plus2.db,Healthy,Healthy,Healthy
GSM337217,GSE13355,NSK,hgu133plus2.db,Healthy,Healthy,Healthy
GSM71671,GSE03189,NSK,hgu133a.db,Healthy,Healthy,Healthy
GSM337215,GSE13355,NSK,hgu133plus2.db,Healthy,Healthy,Healthy
GSM337207,GSE13355,NSK,hgu133plus2.db,Healthy,Healthy,Healthy
GSM337206,GSE13355,NSK,hgu133plus2.db,Healthy,Healthy,Healthy
GSM337216,GSE13355,NSK,hgu133plus2.db,Healthy,Healthy,Healthy
GSM337205,GSE13355,NSK,hgu133plus2.db,Healthy,Healthy,Healthy
GSM337204,GSE13355,NSK,hgu133plus2.db,Healthy,Healthy,Healthy
GSM337202,GSE13355,NSK,hgu133plus2.db,Healthy,Healthy,Healthy
GSM337203,GSE13355,NSK,hgu133plus2.db,Healthy,Healthy,Healthy
GSM337209,GSE13355,NSK,hgu133plus2.db,Healthy,Healthy,Healthy
GSM337210,GSE13355,NSK,hgu133plus2.db,Healthy,Healthy,Healthy
GSM337211,GSE13355,NSK,hgu133plus2.db,Healthy,Healthy,Healthy
GSM337212,GSE13355,NSK,hgu133plus2.db,Healthy,Healthy,Healthy
GSM337213,GSE13355,NSK,hgu133plus2.db,Healthy,Healthy,Healthy
GSM337214,GSE13355,NSK,hgu133plus2.db,Healthy,Healthy,Healthy
GSM337208,GSE13355,NSK,hgu133plus2.db,Healthy,Healthy,Healthy
GSM1287902,GSE53223,NEV,hgu133plus2.db,Healthy,Healthy,Healthy
GSM71678,GSE03189,NEV,hgu133a.db,Healthy,Healthy,Healthy
GSM1287900,GSE53223,NEV,hgu133plus2.db,Healthy,Healthy,Healthy
GSM1287901,GSE53223,NEV,hgu133plus2.db,Healthy,Healthy,Healthy
GSM1287903,GSE53223,NEV,hgu133plus2.db,Healthy,Healthy,Healthy
GSM1287909,GSE53223,NEV,hgu133plus2.db,Healthy,Healthy,Healthy
GSM1287905,GSE53223,NEV,hgu133plus2.db,Healthy,Healthy,Healthy
GSM1287906,GSE53223,NEV,hgu133plus2.db,Healthy,Healthy,Healthy
GSM1287907,GSE53223,NEV,hgu133plus2.db,Healthy,Healthy,Healthy
GSM1287908,GSE53223,NEV,hgu133plus2.db,Healthy,Healthy,Healthy
GSM71679,GSE03189,NEV,hgu133a.db,Healthy,Healthy,Healthy
GSM1287910,GSE53223,NEV,hgu133plus2.db,Healthy,Healthy,Healthy
GSM1287911,GSE53223,NEV,hgu133plus2.db,Healthy,Healthy,Healthy
GSM1287904,GSE53223,NEV,hgu133plus2.db,Healthy,Healthy,Healthy
GSM71681,GSE03189,NEV,hgu133a.db,Healthy,Healthy,Healthy
GSM71686,GSE03189,NEV,hgu133a.db,Healthy,Healthy,Healthy
GSM71683,GSE03189,NEV,hgu133a.db,Healthy,Healthy,Healthy
GSM1131670,GSE46517,NEV,hgu133a.db,Healthy,Healthy,Healthy
GSM1131671,GSE46517,NEV,hgu133a.db,Healthy,Healthy,Healthy
GSM1131672,GSE46517,NEV,hgu133a.db,Healthy,Healthy,Healthy
GSM1131673,GSE46517,NEV,hgu133a.db,Healthy,Healthy,Healthy
GSM1131674,GSE46517,NEV,hgu133a.db,Healthy,Healthy,Healthy
GSM1131675,GSE46517,NEV,hgu133a.db,Healthy,Healthy,Healthy
GSM1131676,GSE46517,NEV,hgu133a.db,Healthy,Healthy,Healthy
GSM1131677,GSE46517,NEV,hgu133a.db,Healthy,Healthy,Healthy
GSM1131678,GSE46517,NEV,hgu133a.db,Healthy,Healthy,Healthy
GSM71694,GSE03189,NEV,hgu133a.db,Healthy,Healthy,Healthy
GSM71693,GSE03189,NEV,hgu133a.db,Healthy,Healthy,Healthy
GSM71692,GSE03189,NEV,hgu133a.db,Healthy,Healthy,Healthy
GSM71691,GSE03189,NEV,hgu133a.db,Healthy,Healthy,Healthy
GSM71690,GSE03189,NEV,hgu133a.db,Healthy,Healthy,Healthy
GSM71689,GSE03189,NEV,hgu133a.db,Healthy,Healthy,Healthy
GSM71688,GSE03189,NEV,hgu133a.db,Healthy,Healthy,Healthy
GSM71687,GSE03189,NEV,hgu133a.db,Healthy,Healthy,Healthy
GSM71685,GSE03189,NEV,hgu133a.db,Healthy,Healthy,Healthy
GSM71684,GSE03189,NEV,hgu133a.db,Healthy,Healthy,Healthy
GSM71682,GSE03189,NEV,hgu133a.db,Healthy,Healthy,Healthy
GSM71695,GSE03189,NEV,hgu133a.db,Healthy,Healthy,Healthy
GSM71680,GSE03189,NEV,hgu133a.db,Healthy,Healthy,Healthy
GSM1032614,GSE42109,BCC,hgu133a2.db,BCC,Non_MEL,disease
GSM1032616,GSE42109,BCC,hgu133a2.db,BCC,Non_MEL,disease
GSM1032617,GSE42109,BCC,hgu133a2.db,BCC,Non_MEL,disease
GSM1032618,GSE42109,BCC,hgu133a2.db,BCC,Non_MEL,disease
GSM973000,GSE39612,BCC,hgu133plus2.db,BCC,Non_MEL,disease
GSM1032620,GSE42109,BCC,hgu133a2.db,BCC,Non_MEL,disease
GSM183251,GSE07553,BCC,hgu133plus2.db,BCC,Non_MEL,disease
GSM183250,GSE07553,BCC,hgu133plus2.db,BCC,Non_MEL,disease
GSM183249,GSE07553,BCC,hgu133plus2.db,BCC,Non_MEL,disease
GSM183248,GSE07553,BCC,hgu133plus2.db,BCC,Non_MEL,disease
GSM183247,GSE07553,BCC,hgu133plus2.db,BCC,Non_MEL,disease
GSM183246,GSE07553,BCC,hgu133plus2.db,BCC,Non_MEL,disease
GSM183245,GSE07553,BCC,hgu133plus2.db,BCC,Non_MEL,disease
GSM183244,GSE07553,BCC,hgu133plus2.db,BCC,Non_MEL,disease
GSM183243,GSE07553,BCC,hgu133plus2.db,BCC,Non_MEL,disease
GSM183242,GSE07553,BCC,hgu133plus2.db,BCC,Non_MEL,disease
GSM183241,GSE07553,BCC,hgu133plus2.db,BCC,Non_MEL,disease
GSM183218,GSE07553,BCC,hgu133plus2.db,BCC,Non_MEL,disease
GSM183219,GSE07553,BCC,hgu133plus2.db,BCC,Non_MEL,disease
GSM183220,GSE07553,BCC,hgu133plus2.db,BCC,Non_MEL,disease
GSM183221,GSE07553,BCC,hgu133plus2.db,BCC,Non_MEL,disease
GSM973002,GSE39612,BCC,hgu133plus2.db,BCC,Non_MEL,disease
GSM1294012,GSE53462,BCC,lumiHumanAll.db,BCC,Non_MEL,disease
GSM1294013,GSE53462,BCC,lumiHumanAll.db,BCC,Non_MEL,disease
GSM1032619,GSE42109,BCC,hgu133a2.db,BCC,Non_MEL,disease
GSM1294015,GSE53462,BCC,lumiHumanAll.db,BCC,Non_MEL,disease
GSM1032613,GSE42109,BCC,hgu133a2.db,BCC,Non_MEL,disease
GSM1032612,GSE42109,BCC,hgu133a2.db,BCC,Non_MEL,disease
GSM1032611,GSE42109,BCC,hgu133a2.db,BCC,Non_MEL,disease
GSM1032610,GSE42109,BCC,hgu133a2.db,BCC,Non_MEL,disease
GSM1294031,GSE53462,BCC,lumiHumanAll.db,BCC,Non_MEL,disease
GSM1294029,GSE53462,BCC,lumiHumanAll.db,BCC,Non_MEL,disease
GSM1294028,GSE53462,BCC,lumiHumanAll.db,BCC,Non_MEL,disease
GSM1294014,GSE53462,BCC,lumiHumanAll.db,BCC,Non_MEL,disease
GSM1032615,GSE42109,BCC,hgu133a2.db,BCC,Non_MEL,disease
GSM1294025,GSE53462,BCC,lumiHumanAll.db,BCC,Non_MEL,disease
GSM1294024,GSE53462,BCC,lumiHumanAll.db,BCC,Non_MEL,disease
GSM1294027,GSE53462,BCC,lumiHumanAll.db,BCC,Non_MEL,disease
GSM1294022,GSE53462,BCC,lumiHumanAll.db,BCC,Non_MEL,disease
GSM1294021,GSE53462,BCC,lumiHumanAll.db,BCC,Non_MEL,disease
GSM1294016,GSE53462,BCC,lumiHumanAll.db,BCC,Non_MEL,disease
GSM1294019,GSE53462,BCC,lumiHumanAll.db,BCC,Non_MEL,disease
GSM1294020,GSE53462,BCC,lumiHumanAll.db,BCC,Non_MEL,disease
GSM1294023,GSE53462,BCC,lumiHumanAll.db,BCC,Non_MEL,disease
GSM183271,GSE07553,SCC,hgu133plus2.db,SCC,Non_MEL,disease
GSM183272,GSE07553,SCC,hgu133plus2.db,SCC,Non_MEL,disease
GSM1620810,GSE66359,SCC,hgu133plus2.db,SCC,Non_MEL,disease
GSM183236,GSE07553,SCC,hgu133plus2.db,SCC,Non_MEL,disease
GSM183237,GSE07553,SCC,hgu133plus2.db,SCC,Non_MEL,disease
GSM183238,GSE07553,SCC,hgu133plus2.db,SCC,Non_MEL,disease
GSM183240,GSE07553,SCC,hgu133plus2.db,SCC,Non_MEL,disease
GSM47623,GSE02503,SCC,hgu133a.db,SCC,Non_MEL,disease
GSM47622,GSE02503,SCC,hgu133a.db,SCC,Non_MEL,disease
GSM183270,GSE07553,SCC,hgu133plus2.db,SCC,Non_MEL,disease
GSM183269,GSE07553,SCC,hgu133plus2.db,SCC,Non_MEL,disease
GSM183268,GSE07553,SCC,hgu133plus2.db,SCC,Non_MEL,disease
GSM183267,GSE07553,SCC,hgu133plus2.db,SCC,Non_MEL,disease
GSM183239,GSE07553,SCC,hgu133plus2.db,SCC,Non_MEL,disease
GSM972999,GSE39612,SCC,hgu133plus2.db,SCC,Non_MEL,disease
GSM1620817,GSE66359,SCC,hgu133plus2.db,SCC,Non_MEL,disease
GSM972997,GSE39612,SCC,hgu133plus2.db,SCC,Non_MEL,disease
GSM808781,GSE32628,SCC,lumiHumanAll.db,SCC,Non_MEL,disease
GSM808778,GSE32628,SCC,lumiHumanAll.db,SCC,Non_MEL,disease
GSM808790,GSE32628,SCC,lumiHumanAll.db,SCC,Non_MEL,disease
GSM808793,GSE32628,SCC,lumiHumanAll.db,SCC,Non_MEL,disease
GSM808796,GSE32628,SCC,lumiHumanAll.db,SCC,Non_MEL,disease
GSM808799,GSE32628,SCC,lumiHumanAll.db,SCC,Non_MEL,disease
GSM808802,GSE32628,SCC,lumiHumanAll.db,SCC,Non_MEL,disease
GSM808805,GSE32628,SCC,lumiHumanAll.db,SCC,Non_MEL,disease
GSM808808,GSE32628,SCC,lumiHumanAll.db,SCC,Non_MEL,disease
GSM808811,GSE32628,SCC,lumiHumanAll.db,SCC,Non_MEL,disease
GSM808814,GSE32628,SCC,lumiHumanAll.db,SCC,Non_MEL,disease
GSM808817,GSE32628,SCC,lumiHumanAll.db,SCC,Non_MEL,disease
GSM808819,GSE32628,SCC,lumiHumanAll.db,SCC,Non_MEL,disease
GSM972998,GSE39612,SCC,hgu133plus2.db,SCC,Non_MEL,disease
GSM1099255,GSE45216,SCC,hgu133plus2.db,SCC,Non_MEL,disease
GSM1099253,GSE45216,SCC,hgu133plus2.db,SCC,Non_MEL,disease
GSM1099252,GSE45216,SCC,hgu133plus2.db,SCC,Non_MEL,disease
GSM1099251,GSE45216,SCC,hgu133plus2.db,SCC,Non_MEL,disease
GSM1099250,GSE45216,SCC,hgu133plus2.db,SCC,Non_MEL,disease
GSM1099249,GSE45216,SCC,hgu133plus2.db,SCC,Non_MEL,disease
GSM47624,GSE02503,SCC,hgu133a.db,SCC,Non_MEL,disease
GSM1620816,GSE66359,SCC,hgu133plus2.db,SCC,Non_MEL,disease
GSM1620815,GSE66359,SCC,hgu133plus2.db,SCC,Non_MEL,disease
GSM1620814,GSE66359,SCC,hgu133plus2.db,SCC,Non_MEL,disease
GSM1620813,GSE66359,SCC,hgu133plus2.db,SCC,Non_MEL,disease
GSM1620812,GSE66359,SCC,hgu133plus2.db,SCC,Non_MEL,disease
GSM1620811,GSE66359,SCC,hgu133plus2.db,SCC,Non_MEL,disease
GSM972996,GSE39612,SCC,hgu133plus2.db,SCC,Non_MEL,disease
GSM1099254,GSE45216,SCC,hgu133plus2.db,SCC,Non_MEL,disease
GSM47625,GSE02503,SCC,hgu133a.db,SCC,Non_MEL,disease
GSM808787,GSE32628,SCC,lumiHumanAll.db,SCC,Non_MEL,disease
GSM1294032,GSE53462,SCC,lumiHumanAll.db,SCC,Non_MEL,disease
GSM1047849,GSE42677,SCC,hgu133a2.db,SCC,Non_MEL,disease
GSM1099226,GSE45216,SCC,hgu133plus2.db,SCC,Non_MEL,disease
GSM1099227,GSE45216,SCC,hgu133plus2.db,SCC,Non_MEL,disease
GSM1099228,GSE45216,SCC,hgu133plus2.db,SCC,Non_MEL,disease
GSM1099229,GSE45216,SCC,hgu133plus2.db,SCC,Non_MEL,disease
GSM1099230,GSE45216,SCC,hgu133plus2.db,SCC,Non_MEL,disease
GSM1099231,GSE45216,SCC,hgu133plus2.db,SCC,Non_MEL,disease
GSM808784,GSE32628,SCC,lumiHumanAll.db,SCC,Non_MEL,disease
GSM1099232,GSE45216,SCC,hgu133plus2.db,SCC,Non_MEL,disease
GSM1099233,GSE45216,SCC,hgu133plus2.db,SCC,Non_MEL,disease
GSM1099234,GSE45216,SCC,hgu133plus2.db,SCC,Non_MEL,disease
GSM1099235,GSE45216,SCC,hgu133plus2.db,SCC,Non_MEL,disease
GSM1099236,GSE45216,SCC,hgu133plus2.db,SCC,Non_MEL,disease
GSM1099237,GSE45216,SCC,hgu133plus2.db,SCC,Non_MEL,disease
GSM1099238,GSE45216,SCC,hgu133plus2.db,SCC,Non_MEL,disease
GSM1099239,GSE45216,SCC,hgu133plus2.db,SCC,Non_MEL,disease
GSM1099240,GSE45216,SCC,hgu133plus2.db,SCC,Non_MEL,disease
GSM1047848,GSE42677,SCC,hgu133a2.db,SCC,Non_MEL,disease
GSM1047847,GSE42677,SCC,hgu133a2.db,SCC,Non_MEL,disease
GSM47626,GSE02503,SCC,hgu133a.db,SCC,Non_MEL,disease
GSM1099244,GSE45216,SCC,hgu133plus2.db,SCC,Non_MEL,disease
GSM1099246,GSE45216,SCC,hgu133plus2.db,SCC,Non_MEL,disease
GSM1047840,GSE42677,SCC,hgu133a2.db,SCC,Non_MEL,disease
GSM1047841,GSE42677,SCC,hgu133a2.db,SCC,Non_MEL,disease
GSM1099245,GSE45216,SCC,hgu133plus2.db,SCC,Non_MEL,disease
GSM1047846,GSE42677,SCC,hgu133a2.db,SCC,Non_MEL,disease
GSM1099243,GSE45216,SCC,hgu133plus2.db,SCC,Non_MEL,disease
GSM1099242,GSE45216,SCC,hgu133plus2.db,SCC,Non_MEL,disease
GSM1099241,GSE45216,SCC,hgu133plus2.db,SCC,Non_MEL,disease
GSM1047842,GSE42677,SCC,hgu133a2.db,SCC,Non_MEL,disease
GSM1047843,GSE42677,SCC,hgu133a2.db,SCC,Non_MEL,disease
GSM1047844,GSE42677,SCC,hgu133a2.db,SCC,Non_MEL,disease
GSM1047845,GSE42677,SCC,hgu133a2.db,SCC,Non_MEL,disease
GSM1294026,GSE53462,SCC,lumiHumanAll.db,SCC,Non_MEL,disease
GSM1294030,GSE53462,SCC,lumiHumanAll.db,SCC,Non_MEL,disease
GSM1099247,GSE45216,SCC,hgu133plus2.db,SCC,Non_MEL,disease
GSM1099248,GSE45216,SCC,hgu133plus2.db,SCC,Non_MEL,disease
GSM1294017,GSE53462,SCC,lumiHumanAll.db,SCC,Non_MEL,disease
GSM1294018,GSE53462,SCC,lumiHumanAll.db,SCC,Non_MEL,disease
GSM1219457,GSE50451,PMCC,hgu133plus2.db,MCC,Non_MEL,disease
GSM1219456,GSE50451,PMCC,hgu133plus2.db,MCC,Non_MEL,disease
GSM1219455,GSE50451,PMCC,hgu133plus2.db,MCC,Non_MEL,disease
GSM881844,GSE36150,PMCC,huex10sttranscriptcluster.db,MCC,Non_MEL,disease
GSM881850,GSE36150,PMCC,huex10sttranscriptcluster.db,MCC,Non_MEL,disease
GSM881849,GSE36150,PMCC,huex10sttranscriptcluster.db,MCC,Non_MEL,disease
GSM1219454,GSE50451,PMCC,hgu133plus2.db,MCC,Non_MEL,disease
GSM881847,GSE36150,PMCC,huex10sttranscriptcluster.db,MCC,Non_MEL,disease
GSM881846,GSE36150,PMCC,huex10sttranscriptcluster.db,MCC,Non_MEL,disease
GSM881845,GSE36150,PMCC,huex10sttranscriptcluster.db,MCC,Non_MEL,disease
GSM881851,GSE36150,PMCC,huex10sttranscriptcluster.db,MCC,Non_MEL,disease
GSM881848,GSE36150,PMCC,huex10sttranscriptcluster.db,MCC,Non_MEL,disease
GSM973037,GSE39612,PMCC,hgu133plus2.db,MCC,Non_MEL,disease
GSM973029,GSE39612,PMCC,hgu133plus2.db,MCC,Non_MEL,disease
GSM973020,GSE39612,PMCC,hgu133plus2.db,MCC,Non_MEL,disease
GSM973021,GSE39612,PMCC,hgu133plus2.db,MCC,Non_MEL,disease
GSM973022,GSE39612,PMCC,hgu133plus2.db,MCC,Non_MEL,disease
GSM973023,GSE39612,PMCC,hgu133plus2.db,MCC,Non_MEL,disease
GSM973024,GSE39612,PMCC,hgu133plus2.db,MCC,Non_MEL,disease
GSM973017,GSE39612,PMCC,hgu133plus2.db,MCC,Non_MEL,disease
GSM973016,GSE39612,PMCC,hgu133plus2.db,MCC,Non_MEL,disease
GSM973025,GSE39612,PMCC,hgu133plus2.db,MCC,Non_MEL,disease
GSM1219439,GSE50451,PMCC,hgu133plus2.db,MCC,Non_MEL,disease
GSM973027,GSE39612,PMCC,hgu133plus2.db,MCC,Non_MEL,disease
GSM973028,GSE39612,PMCC,hgu133plus2.db,MCC,Non_MEL,disease
GSM1219442,GSE50451,PMCC,hgu133plus2.db,MCC,Non_MEL,disease
GSM1219443,GSE50451,PMCC,hgu133plus2.db,MCC,Non_MEL,disease
GSM973019,GSE39612,PMCC,hgu133plus2.db,MCC,Non_MEL,disease
GSM973018,GSE39612,PMCC,hgu133plus2.db,MCC,Non_MEL,disease
GSM1219447,GSE50451,PMCC,hgu133plus2.db,MCC,Non_MEL,disease
GSM973036,GSE39612,PMCC,hgu133plus2.db,MCC,Non_MEL,disease
GSM973038,GSE39612,PMCC,hgu133plus2.db,MCC,Non_MEL,disease
GSM1219451,GSE50451,PMCC,hgu133plus2.db,MCC,Non_MEL,disease
GSM973039,GSE39612,PMCC,hgu133plus2.db,MCC,Non_MEL,disease
GSM973014,GSE39612,PMCC,hgu133plus2.db,MCC,Non_MEL,disease
GSM1219453,GSE50451,PMCC,hgu133plus2.db,MCC,Non_MEL,disease
GSM973030,GSE39612,PMCC,hgu133plus2.db,MCC,Non_MEL,disease
GSM1219436,GSE50451,MMCC,hgu133plus2.db,MCC,Non_MEL,disease
GSM973031,GSE39612,MMCC,hgu133plus2.db,MCC,Non_MEL,disease
GSM973026,GSE39612,MMCC,hgu133plus2.db,MCC,Non_MEL,disease
GSM973040,GSE39612,MMCC,hgu133plus2.db,MCC,Non_MEL,disease
GSM973041,GSE39612,MMCC,hgu133plus2.db,MCC,Non_MEL,disease
GSM973042,GSE39612,MMCC,hgu133plus2.db,MCC,Non_MEL,disease
GSM973043,GSE39612,MMCC,hgu133plus2.db,MCC,Non_MEL,disease
GSM973008,GSE39612,MMCC,hgu133plus2.db,MCC,Non_MEL,disease
GSM881855,GSE36150,MMCC,huex10sttranscriptcluster.db,MCC,Non_MEL,disease
GSM881853,GSE36150,MMCC,huex10sttranscriptcluster.db,MCC,Non_MEL,disease
GSM973010,GSE39612,MMCC,hgu133plus2.db,MCC,Non_MEL,disease
GSM973012,GSE39612,MMCC,hgu133plus2.db,MCC,Non_MEL,disease
GSM1219458,GSE50451,MMCC,hgu133plus2.db,MCC,Non_MEL,disease
GSM1219452,GSE50451,MMCC,hgu133plus2.db,MCC,Non_MEL,disease
GSM881858,GSE36150,MMCC,huex10sttranscriptcluster.db,MCC,Non_MEL,disease
GSM1219450,GSE50451,MMCC,hgu133plus2.db,MCC,Non_MEL,disease
GSM1219449,GSE50451,MMCC,hgu133plus2.db,MCC,Non_MEL,disease
GSM1219448,GSE50451,MMCC,hgu133plus2.db,MCC,Non_MEL,disease
GSM1219446,GSE50451,MMCC,hgu133plus2.db,MCC,Non_MEL,disease
GSM1219445,GSE50451,MMCC,hgu133plus2.db,MCC,Non_MEL,disease
GSM1219444,GSE50451,MMCC,hgu133plus2.db,MCC,Non_MEL,disease
GSM1219441,GSE50451,MMCC,hgu133plus2.db,MCC,Non_MEL,disease
GSM1219440,GSE50451,MMCC,hgu133plus2.db,MCC,Non_MEL,disease
GSM1219438,GSE50451,MMCC,hgu133plus2.db,MCC,Non_MEL,disease
GSM1219437,GSE50451,MMCC,hgu133plus2.db,MCC,Non_MEL,disease
GSM881857,GSE36150,MMCC,huex10sttranscriptcluster.db,MCC,Non_MEL,disease
GSM881856,GSE36150,MMCC,huex10sttranscriptcluster.db,MCC,Non_MEL,disease
GSM973006,GSE39612,MMCC,hgu133plus2.db,MCC,Non_MEL,disease
GSM881854,GSE36150,MMCC,huex10sttranscriptcluster.db,MCC,Non_MEL,disease
GSM881852,GSE36150,MMCC,huex10sttranscriptcluster.db,MCC,Non_MEL,disease
GSM973003,GSE39612,MMCC,hgu133plus2.db,MCC,Non_MEL,disease
GSM1131662,GSE46517,PRIMEL,hgu133a.db,MEL,MEL,disease
GSM390267,GSE15605,PRIMEL,hgu133plus2.db,MEL,MEL,disease
GSM390261,GSE15605,PRIMEL,hgu133plus2.db,MEL,MEL,disease
GSM390262,GSE15605,PRIMEL,hgu133plus2.db,MEL,MEL,disease
GSM390263,GSE15605,PRIMEL,hgu133plus2.db,MEL,MEL,disease
GSM390264,GSE15605,PRIMEL,hgu133plus2.db,MEL,MEL,disease
GSM390265,GSE15605,PRIMEL,hgu133plus2.db,MEL,MEL,disease
GSM390266,GSE15605,PRIMEL,hgu133plus2.db,MEL,MEL,disease
GSM390232,GSE15605,PRIMEL,hgu133plus2.db,MEL,MEL,disease
GSM390268,GSE15605,PRIMEL,hgu133plus2.db,MEL,MEL,disease
GSM390269,GSE15605,PRIMEL,hgu133plus2.db,MEL,MEL,disease
GSM1131669,GSE46517,PRIMEL,hgu133a.db,MEL,MEL,disease
GSM390260,GSE15605,PRIMEL,hgu133plus2.db,MEL,MEL,disease
GSM1131668,GSE46517,PRIMEL,hgu133a.db,MEL,MEL,disease
GSM1131666,GSE46517,PRIMEL,hgu133a.db,MEL,MEL,disease
GSM1131665,GSE46517,PRIMEL,hgu133a.db,MEL,MEL,disease
GSM1131664,GSE46517,PRIMEL,hgu133a.db,MEL,MEL,disease
GSM1131663,GSE46517,PRIMEL,hgu133a.db,MEL,MEL,disease
GSM183266,GSE07553,PRIMEL,hgu133plus2.db,MEL,MEL,disease
GSM183265,GSE07553,PRIMEL,hgu133plus2.db,MEL,MEL,disease
GSM183264,GSE07553,PRIMEL,hgu133plus2.db,MEL,MEL,disease
GSM183263,GSE07553,PRIMEL,hgu133plus2.db,MEL,MEL,disease
GSM183262,GSE07553,PRIMEL,hgu133plus2.db,MEL,MEL,disease
GSM183261,GSE07553,PRIMEL,hgu133plus2.db,MEL,MEL,disease
GSM1131667,GSE46517,PRIMEL,hgu133a.db,MEL,MEL,disease
GSM183260,GSE07553,PRIMEL,hgu133plus2.db,MEL,MEL,disease
GSM390259,GSE15605,PRIMEL,hgu133plus2.db,MEL,MEL,disease
GSM390257,GSE15605,PRIMEL,hgu133plus2.db,MEL,MEL,disease
GSM390245,GSE15605,PRIMEL,hgu133plus2.db,MEL,MEL,disease
GSM390246,GSE15605,PRIMEL,hgu133plus2.db,MEL,MEL,disease
GSM390242,GSE15605,PRIMEL,hgu133plus2.db,MEL,MEL,disease
GSM390241,GSE15605,PRIMEL,hgu133plus2.db,MEL,MEL,disease
GSM390240,GSE15605,PRIMEL,hgu133plus2.db,MEL,MEL,disease
GSM390239,GSE15605,PRIMEL,hgu133plus2.db,MEL,MEL,disease
GSM390238,GSE15605,PRIMEL,hgu133plus2.db,MEL,MEL,disease
GSM390237,GSE15605,PRIMEL,hgu133plus2.db,MEL,MEL,disease
GSM390236,GSE15605,PRIMEL,hgu133plus2.db,MEL,MEL,disease
GSM390235,GSE15605,PRIMEL,hgu133plus2.db,MEL,MEL,disease
GSM390258,GSE15605,PRIMEL,hgu133plus2.db,MEL,MEL,disease
GSM390234,GSE15605,PRIMEL,hgu133plus2.db,MEL,MEL,disease
GSM390247,GSE15605,PRIMEL,hgu133plus2.db,MEL,MEL,disease
GSM390248,GSE15605,PRIMEL,hgu133plus2.db,MEL,MEL,disease
GSM390249,GSE15605,PRIMEL,hgu133plus2.db,MEL,MEL,disease
GSM390250,GSE15605,PRIMEL,hgu133plus2.db,MEL,MEL,disease
GSM390251,GSE15605,PRIMEL,hgu133plus2.db,MEL,MEL,disease
GSM390252,GSE15605,PRIMEL,hgu133plus2.db,MEL,MEL,disease
GSM390253,GSE15605,PRIMEL,hgu133plus2.db,MEL,MEL,disease
GSM390254,GSE15605,PRIMEL,hgu133plus2.db,MEL,MEL,disease
GSM390255,GSE15605,PRIMEL,hgu133plus2.db,MEL,MEL,disease
GSM390256,GSE15605,PRIMEL,hgu133plus2.db,MEL,MEL,disease
GSM390233,GSE15605,PRIMEL,hgu133plus2.db,MEL,MEL,disease
GSM183259,GSE07553,PRIMEL,hgu133plus2.db,MEL,MEL,disease
GSM183258,GSE07553,PRIMEL,hgu133plus2.db,MEL,MEL,disease
GSM390231,GSE15605,PRIMEL,hgu133plus2.db,MEL,MEL,disease
GSM1131645,GSE46517,PRIMEL,hgu133a.db,MEL,MEL,disease
GSM1131644,GSE46517,PRIMEL,hgu133a.db,MEL,MEL,disease
GSM1131643,GSE46517,PRIMEL,hgu133a.db,MEL,MEL,disease
GSM390244,GSE15605,PRIMEL,hgu133plus2.db,MEL,MEL,disease
GSM1131641,GSE46517,PRIMEL,hgu133a.db,MEL,MEL,disease
GSM1131640,GSE46517,PRIMEL,hgu133a.db,MEL,MEL,disease
GSM1131639,GSE46517,PRIMEL,hgu133a.db,MEL,MEL,disease
GSM1131646,GSE46517,PRIMEL,hgu133a.db,MEL,MEL,disease
GSM390230,GSE15605,PRIMEL,hgu133plus2.db,MEL,MEL,disease
GSM390228,GSE15605,PRIMEL,hgu133plus2.db,MEL,MEL,disease
GSM390227,GSE15605,PRIMEL,hgu133plus2.db,MEL,MEL,disease
GSM390226,GSE15605,PRIMEL,hgu133plus2.db,MEL,MEL,disease
GSM390225,GSE15605,PRIMEL,hgu133plus2.db,MEL,MEL,disease
GSM390224,GSE15605,PRIMEL,hgu133plus2.db,MEL,MEL,disease
GSM183303,GSE07553,PRIMEL,hgu133plus2.db,MEL,MEL,disease
GSM183304,GSE07553,PRIMEL,hgu133plus2.db,MEL,MEL,disease
GSM390229,GSE15605,PRIMEL,hgu133plus2.db,MEL,MEL,disease
GSM1131647,GSE46517,PRIMEL,hgu133a.db,MEL,MEL,disease
GSM1131642,GSE46517,PRIMEL,hgu133a.db,MEL,MEL,disease
GSM183222,GSE07553,PRIMEL,hgu133plus2.db,MEL,MEL,disease
GSM1131661,GSE46517,PRIMEL,hgu133a.db,MEL,MEL,disease
GSM1131660,GSE46517,PRIMEL,hgu133a.db,MEL,MEL,disease
GSM1131648,GSE46517,PRIMEL,hgu133a.db,MEL,MEL,disease
GSM1131658,GSE46517,PRIMEL,hgu133a.db,MEL,MEL,disease
GSM1131657,GSE46517,PRIMEL,hgu133a.db,MEL,MEL,disease
GSM183235,GSE07553,PRIMEL,hgu133plus2.db,MEL,MEL,disease
GSM1131656,GSE46517,PRIMEL,hgu133a.db,MEL,MEL,disease
GSM1131655,GSE46517,PRIMEL,hgu133a.db,MEL,MEL,disease
GSM1131659,GSE46517,PRIMEL,hgu133a.db,MEL,MEL,disease
GSM1131653,GSE46517,PRIMEL,hgu133a.db,MEL,MEL,disease
GSM183223,GSE07553,PRIMEL,hgu133plus2.db,MEL,MEL,disease
GSM183224,GSE07553,PRIMEL,hgu133plus2.db,MEL,MEL,disease
GSM1131654,GSE46517,PRIMEL,hgu133a.db,MEL,MEL,disease
GSM183225,GSE07553,PRIMEL,hgu133plus2.db,MEL,MEL,disease
GSM390243,GSE15605,PRIMEL,hgu133plus2.db,MEL,MEL,disease
GSM1131650,GSE46517,PRIMEL,hgu133a.db,MEL,MEL,disease
GSM1131651,GSE46517,PRIMEL,hgu133a.db,MEL,MEL,disease
GSM1131652,GSE46517,PRIMEL,hgu133a.db,MEL,MEL,disease
GSM1131649,GSE46517,PRIMEL,hgu133a.db,MEL,MEL,disease
GSM2183493,GSE82105,METMEL,hgu133plus2.db,MEL,MEL,disease
GSM2183496,GSE82105,METMEL,hgu133plus2.db,MEL,MEL,disease
GSM2183501,GSE82105,METMEL,hgu133plus2.db,MEL,MEL,disease
GSM2183506,GSE82105,METMEL,hgu133plus2.db,MEL,MEL,disease
GSM1131605,GSE46517,METMEL,hgu133a.db,MEL,MEL,disease
GSM1131604,GSE46517,METMEL,hgu133a.db,MEL,MEL,disease
GSM1131603,GSE46517,METMEL,hgu133a.db,MEL,MEL,disease
GSM1131602,GSE46517,METMEL,hgu133a.db,MEL,MEL,disease
GSM1131601,GSE46517,METMEL,hgu133a.db,MEL,MEL,disease
GSM1131600,GSE46517,METMEL,hgu133a.db,MEL,MEL,disease
GSM1131599,GSE46517,METMEL,hgu133a.db,MEL,MEL,disease
GSM2183510,GSE82105,METMEL,hgu133plus2.db,MEL,MEL,disease
GSM1131624,GSE46517,METMEL,hgu133a.db,MEL,MEL,disease
GSM1131607,GSE46517,METMEL,hgu133a.db,MEL,MEL,disease
GSM1131625,GSE46517,METMEL,hgu133a.db,MEL,MEL,disease
GSM1131626,GSE46517,METMEL,hgu133a.db,MEL,MEL,disease
GSM1131627,GSE46517,METMEL,hgu133a.db,MEL,MEL,disease
GSM1131628,GSE46517,METMEL,hgu133a.db,MEL,MEL,disease
GSM1131629,GSE46517,METMEL,hgu133a.db,MEL,MEL,disease
GSM1131630,GSE46517,METMEL,hgu133a.db,MEL,MEL,disease
GSM1131631,GSE46517,METMEL,hgu133a.db,MEL,MEL,disease
GSM1131632,GSE46517,METMEL,hgu133a.db,MEL,MEL,disease
GSM1131633,GSE46517,METMEL,hgu133a.db,MEL,MEL,disease
GSM1131622,GSE46517,METMEL,hgu133a.db,MEL,MEL,disease
GSM1131634,GSE46517,METMEL,hgu133a.db,MEL,MEL,disease
GSM1131621,GSE46517,METMEL,hgu133a.db,MEL,MEL,disease
GSM1131620,GSE46517,METMEL,hgu133a.db,MEL,MEL,disease
GSM1131619,GSE46517,METMEL,hgu133a.db,MEL,MEL,disease
GSM1131618,GSE46517,METMEL,hgu133a.db,MEL,MEL,disease
GSM1131617,GSE46517,METMEL,hgu133a.db,MEL,MEL,disease
GSM1131616,GSE46517,METMEL,hgu133a.db,MEL,MEL,disease
GSM1131608,GSE46517,METMEL,hgu133a.db,MEL,MEL,disease
GSM1131609,GSE46517,METMEL,hgu133a.db,MEL,MEL,disease
GSM1131610,GSE46517,METMEL,hgu133a.db,MEL,MEL,disease
GSM1131611,GSE46517,METMEL,hgu133a.db,MEL,MEL,disease
GSM1131612,GSE46517,METMEL,hgu133a.db,MEL,MEL,disease
GSM1131613,GSE46517,METMEL,hgu133a.db,MEL,MEL,disease
GSM1131606,GSE46517,METMEL,hgu133a.db,MEL,MEL,disease
GSM1131614,GSE46517,METMEL,hgu133a.db,MEL,MEL,disease
GSM1131623,GSE46517,METMEL,hgu133a.db,MEL,MEL,disease
GSM1131598,GSE46517,METMEL,hgu133a.db,MEL,MEL,disease
GSM1131638,GSE46517,METMEL,hgu133a.db,MEL,MEL,disease
GSM1131637,GSE46517,METMEL,hgu133a.db,MEL,MEL,disease
GSM1131636,GSE46517,METMEL,hgu133a.db,MEL,MEL,disease
GSM1131635,GSE46517,METMEL,hgu133a.db,MEL,MEL,disease
GSM1131615,GSE46517,METMEL,hgu133a.db,MEL,MEL,disease
GSM1131597,GSE46517,METMEL,hgu133a.db,MEL,MEL,disease
GSM2183516,GSE82105,METMEL,hgu133plus2.db,MEL,MEL,disease
GSM1131595,GSE46517,METMEL,hgu133a.db,MEL,MEL,disease
GSM725771,GSE29359,METMEL,illuminaHumanv2.db,MEL,MEL,disease
GSM725770,GSE29359,METMEL,illuminaHumanv2.db,MEL,MEL,disease
GSM725769,GSE29359,METMEL,illuminaHumanv2.db,MEL,MEL,disease
GSM725768,GSE29359,METMEL,illuminaHumanv2.db,MEL,MEL,disease
GSM725767,GSE29359,METMEL,illuminaHumanv2.db,MEL,MEL,disease
GSM725766,GSE29359,METMEL,illuminaHumanv2.db,MEL,MEL,disease
GSM725765,GSE29359,METMEL,illuminaHumanv2.db,MEL,MEL,disease
GSM725764,GSE29359,METMEL,illuminaHumanv2.db,MEL,MEL,disease
GSM725763,GSE29359,METMEL,illuminaHumanv2.db,MEL,MEL,disease
GSM725762,GSE29359,METMEL,illuminaHumanv2.db,MEL,MEL,disease
GSM725761,GSE29359,METMEL,illuminaHumanv2.db,MEL,MEL,disease
GSM725760,GSE29359,METMEL,illuminaHumanv2.db,MEL,MEL,disease
GSM725759,GSE29359,METMEL,illuminaHumanv2.db,MEL,MEL,disease
GSM725758,GSE29359,METMEL,illuminaHumanv2.db,MEL,MEL,disease
GSM725757,GSE29359,METMEL,illuminaHumanv2.db,MEL,MEL,disease
GSM725756,GSE29359,METMEL,illuminaHumanv2.db,MEL,MEL,disease
GSM725755,GSE29359,METMEL,illuminaHumanv2.db,MEL,MEL,disease
GSM725754,GSE29359,METMEL,illuminaHumanv2.db,MEL,MEL,disease
GSM725753,GSE29359,METMEL,illuminaHumanv2.db,MEL,MEL,disease
GSM725772,GSE29359,METMEL,illuminaHumanv2.db,MEL,MEL,disease
GSM725773,GSE29359,METMEL,illuminaHumanv2.db,MEL,MEL,disease
GSM725774,GSE29359,METMEL,illuminaHumanv2.db,MEL,MEL,disease
GSM725775,GSE29359,METMEL,illuminaHumanv2.db,MEL,MEL,disease
GSM725795,GSE29359,METMEL,illuminaHumanv2.db,MEL,MEL,disease
GSM725794,GSE29359,METMEL,illuminaHumanv2.db,MEL,MEL,disease
GSM725793,GSE29359,METMEL,illuminaHumanv2.db,MEL,MEL,disease
GSM725792,GSE29359,METMEL,illuminaHumanv2.db,MEL,MEL,disease
GSM725791,GSE29359,METMEL,illuminaHumanv2.db,MEL,MEL,disease
GSM725790,GSE29359,METMEL,illuminaHumanv2.db,MEL,MEL,disease
GSM725789,GSE29359,METMEL,illuminaHumanv2.db,MEL,MEL,disease
GSM725788,GSE29359,METMEL,illuminaHumanv2.db,MEL,MEL,disease
GSM725787,GSE29359,METMEL,illuminaHumanv2.db,MEL,MEL,disease
GSM725752,GSE29359,METMEL,illuminaHumanv2.db,MEL,MEL,disease
GSM725786,GSE29359,METMEL,illuminaHumanv2.db,MEL,MEL,disease
GSM725784,GSE29359,METMEL,illuminaHumanv2.db,MEL,MEL,disease
GSM725783,GSE29359,METMEL,illuminaHumanv2.db,MEL,MEL,disease
GSM725782,GSE29359,METMEL,illuminaHumanv2.db,MEL,MEL,disease
GSM725781,GSE29359,METMEL,illuminaHumanv2.db,MEL,MEL,disease
GSM725780,GSE29359,METMEL,illuminaHumanv2.db,MEL,MEL,disease
GSM725779,GSE29359,METMEL,illuminaHumanv2.db,MEL,MEL,disease
GSM725778,GSE29359,METMEL,illuminaHumanv2.db,MEL,MEL,disease
GSM725777,GSE29359,METMEL,illuminaHumanv2.db,MEL,MEL,disease
GSM725776,GSE29359,METMEL,illuminaHumanv2.db,MEL,MEL,disease
GSM725785,GSE29359,METMEL,illuminaHumanv2.db,MEL,MEL,disease
GSM725751,GSE29359,METMEL,illuminaHumanv2.db,MEL,MEL,disease
GSM725750,GSE29359,METMEL,illuminaHumanv2.db,MEL,MEL,disease
GSM725749,GSE29359,METMEL,illuminaHumanv2.db,MEL,MEL,disease
GSM183279,GSE07553,METMEL,hgu133plus2.db,MEL,MEL,disease
GSM183280,GSE07553,METMEL,hgu133plus2.db,MEL,MEL,disease
GSM183281,GSE07553,METMEL,hgu133plus2.db,MEL,MEL,disease
GSM183282,GSE07553,METMEL,hgu133plus2.db,MEL,MEL,disease
GSM183283,GSE07553,METMEL,hgu133plus2.db,MEL,MEL,disease
GSM183284,GSE07553,METMEL,hgu133plus2.db,MEL,MEL,disease
GSM183285,GSE07553,METMEL,hgu133plus2.db,MEL,MEL,disease
GSM183286,GSE07553,METMEL,hgu133plus2.db,MEL,MEL,disease
GSM183287,GSE07553,METMEL,hgu133plus2.db,MEL,MEL,disease
GSM183278,GSE07553,METMEL,hgu133plus2.db,MEL,MEL,disease
GSM183288,GSE07553,METMEL,hgu133plus2.db,MEL,MEL,disease
GSM183290,GSE07553,METMEL,hgu133plus2.db,MEL,MEL,disease
GSM183291,GSE07553,METMEL,hgu133plus2.db,MEL,MEL,disease
GSM183292,GSE07553,METMEL,hgu133plus2.db,MEL,MEL,disease
GSM183293,GSE07553,METMEL,hgu133plus2.db,MEL,MEL,disease
GSM183294,GSE07553,METMEL,hgu133plus2.db,MEL,MEL,disease
GSM183295,GSE07553,METMEL,hgu133plus2.db,MEL,MEL,disease
GSM183296,GSE07553,METMEL,hgu133plus2.db,MEL,MEL,disease
GSM183297,GSE07553,METMEL,hgu133plus2.db,MEL,MEL,disease
GSM183298,GSE07553,METMEL,hgu133plus2.db,MEL,MEL,disease
GSM183289,GSE07553,METMEL,hgu133plus2.db,MEL,MEL,disease
GSM725796,GSE29359,METMEL,illuminaHumanv2.db,MEL,MEL,disease
GSM183277,GSE07553,METMEL,hgu133plus2.db,MEL,MEL,disease
GSM183275,GSE07553,METMEL,hgu133plus2.db,MEL,MEL,disease
GSM725748,GSE29359,METMEL,illuminaHumanv2.db,MEL,MEL,disease
GSM725747,GSE29359,METMEL,illuminaHumanv2.db,MEL,MEL,disease
GSM725746,GSE29359,METMEL,illuminaHumanv2.db,MEL,MEL,disease
GSM725745,GSE29359,METMEL,illuminaHumanv2.db,MEL,MEL,disease
GSM725744,GSE29359,METMEL,illuminaHumanv2.db,MEL,MEL,disease
GSM725743,GSE29359,METMEL,illuminaHumanv2.db,MEL,MEL,disease
GSM725742,GSE29359,METMEL,illuminaHumanv2.db,MEL,MEL,disease
GSM390281,GSE15605,METMEL,hgu133plus2.db,MEL,MEL,disease
GSM390280,GSE15605,METMEL,hgu133plus2.db,MEL,MEL,disease
GSM183276,GSE07553,METMEL,hgu133plus2.db,MEL,MEL,disease
GSM390279,GSE15605,METMEL,hgu133plus2.db,MEL,MEL,disease
GSM390277,GSE15605,METMEL,hgu133plus2.db,MEL,MEL,disease
GSM390276,GSE15605,METMEL,hgu133plus2.db,MEL,MEL,disease
GSM390275,GSE15605,METMEL,hgu133plus2.db,MEL,MEL,disease
GSM390274,GSE15605,METMEL,hgu133plus2.db,MEL,MEL,disease
GSM390273,GSE15605,METMEL,hgu133plus2.db,MEL,MEL,disease
GSM390272,GSE15605,METMEL,hgu133plus2.db,MEL,MEL,disease
GSM390271,GSE15605,METMEL,hgu133plus2.db,MEL,MEL,disease
GSM390270,GSE15605,METMEL,hgu133plus2.db,MEL,MEL,disease
GSM183274,GSE07553,METMEL,hgu133plus2.db,MEL,MEL,disease
GSM390278,GSE15605,METMEL,hgu133plus2.db,MEL,MEL,disease
GSM1131596,GSE46517,METMEL,hgu133a.db,MEL,MEL,disease
GSM725797,GSE29359,METMEL,illuminaHumanv2.db,MEL,MEL,disease
GSM725799,GSE29359,METMEL,illuminaHumanv2.db,MEL,MEL,disease
GSM183257,GSE07553,METMEL,hgu133plus2.db,MEL,MEL,disease
GSM183256,GSE07553,METMEL,hgu133plus2.db,MEL,MEL,disease
GSM183255,GSE07553,METMEL,hgu133plus2.db,MEL,MEL,disease
GSM183254,GSE07553,METMEL,hgu133plus2.db,MEL,MEL,disease
GSM183253,GSE07553,METMEL,hgu133plus2.db,MEL,MEL,disease
GSM183233,GSE07553,METMEL,hgu133plus2.db,MEL,MEL,disease
GSM183232,GSE07553,METMEL,hgu133plus2.db,MEL,MEL,disease
GSM183231,GSE07553,METMEL,hgu133plus2.db,MEL,MEL,disease
GSM183230,GSE07553,METMEL,hgu133plus2.db,MEL,MEL,disease
GSM183229,GSE07553,METMEL,hgu133plus2.db,MEL,MEL,disease
GSM183228,GSE07553,METMEL,hgu133plus2.db,MEL,MEL,disease
GSM183227,GSE07553,METMEL,hgu133plus2.db,MEL,MEL,disease
GSM183226,GSE07553,METMEL,hgu133plus2.db,MEL,MEL,disease
GSM1131593,GSE46517,METMEL,hgu133a.db,MEL,MEL,disease
GSM1131592,GSE46517,METMEL,hgu133a.db,MEL,MEL,disease
GSM1131591,GSE46517,METMEL,hgu133a.db,MEL,MEL,disease
GSM1131590,GSE46517,METMEL,hgu133a.db,MEL,MEL,disease
GSM1131589,GSE46517,METMEL,hgu133a.db,MEL,MEL,disease
GSM725798,GSE29359,METMEL,illuminaHumanv2.db,MEL,MEL,disease
GSM1131588,GSE46517,METMEL,hgu133a.db,MEL,MEL,disease
GSM1131587,GSE46517,METMEL,hgu133a.db,MEL,MEL,disease
GSM183273,GSE07553,METMEL,hgu133plus2.db,MEL,MEL,disease
GSM725823,GSE29359,METMEL,illuminaHumanv2.db,MEL,MEL,disease
GSM183252,GSE07553,METMEL,hgu133plus2.db,MEL,MEL,disease
GSM725821,GSE29359,METMEL,illuminaHumanv2.db,MEL,MEL,disease
GSM725800,GSE29359,METMEL,illuminaHumanv2.db,MEL,MEL,disease
GSM725801,GSE29359,METMEL,illuminaHumanv2.db,MEL,MEL,disease
GSM725802,GSE29359,METMEL,illuminaHumanv2.db,MEL,MEL,disease
GSM725822,GSE29359,METMEL,illuminaHumanv2.db,MEL,MEL,disease
GSM725804,GSE29359,METMEL,illuminaHumanv2.db,MEL,MEL,disease
GSM725805,GSE29359,METMEL,illuminaHumanv2.db,MEL,MEL,disease
GSM725806,GSE29359,METMEL,illuminaHumanv2.db,MEL,MEL,disease
GSM725807,GSE29359,METMEL,illuminaHumanv2.db,MEL,MEL,disease
GSM725808,GSE29359,METMEL,illuminaHumanv2.db,MEL,MEL,disease
GSM1131594,GSE46517,METMEL,hgu133a.db,MEL,MEL,disease
GSM725809,GSE29359,METMEL,illuminaHumanv2.db,MEL,MEL,disease
GSM725803,GSE29359,METMEL,illuminaHumanv2.db,MEL,MEL,disease
GSM725811,GSE29359,METMEL,illuminaHumanv2.db,MEL,MEL,disease
GSM725810,GSE29359,METMEL,illuminaHumanv2.db,MEL,MEL,disease
GSM725820,GSE29359,METMEL,illuminaHumanv2.db,MEL,MEL,disease
GSM725819,GSE29359,METMEL,illuminaHumanv2.db,MEL,MEL,disease
GSM725817,GSE29359,METMEL,illuminaHumanv2.db,MEL,MEL,disease
GSM725816,GSE29359,METMEL,illuminaHumanv2.db,MEL,MEL,disease
GSM725818,GSE29359,METMEL,illuminaHumanv2.db,MEL,MEL,disease
GSM725814,GSE29359,METMEL,illuminaHumanv2.db,MEL,MEL,disease
GSM725813,GSE29359,METMEL,illuminaHumanv2.db,MEL,MEL,disease
GSM725812,GSE29359,METMEL,illuminaHumanv2.db,MEL,MEL,disease
GSM725815,GSE29359,METMEL,illuminaHumanv2.db,MEL,MEL,disease
GSM71711,GSE03189,MEL,hgu133a.db,MEL,MEL,disease
GSM71706,GSE03189,MEL,hgu133a.db,MEL,MEL,disease
GSM71710,GSE03189,MEL,hgu133a.db,MEL,MEL,disease
GSM71709,GSE03189,MEL,hgu133a.db,MEL,MEL,disease
GSM71708,GSE03189,MEL,hgu133a.db,MEL,MEL,disease
GSM71707,GSE03189,MEL,hgu133a.db,MEL,MEL,disease
GSM71705,GSE03189,MEL,hgu133a.db,MEL,MEL,disease
GSM71699,GSE03189,MEL,hgu133a.db,MEL,MEL,disease
GSM71703,GSE03189,MEL,hgu133a.db,MEL,MEL,disease
GSM71702,GSE03189,MEL,hgu133a.db,MEL,MEL,disease
GSM71701,GSE03189,MEL,hgu133a.db,MEL,MEL,disease
GSM71700,GSE03189,MEL,hgu133a.db,MEL,MEL,disease
GSM71698,GSE03189,MEL,hgu133a.db,MEL,MEL,disease
GSM71697,GSE03189,MEL,hgu133a.db,MEL,MEL,disease
GSM71712,GSE03189,MEL,hgu133a.db,MEL,MEL,disease
GSM71704,GSE03189,MEL,hgu133a.db,MEL,MEL,disease
GSM71714,GSE03189,MEL,hgu133a.db,MEL,MEL,disease
GSM71735,GSE03189,MEL,hgu133a.db,MEL,MEL,disease
GSM71716,GSE03189,MEL,hgu133a.db,MEL,MEL,disease
GSM71696,GSE03189,MEL,hgu133a.db,MEL,MEL,disease
GSM71740,GSE03189,MEL,hgu133a.db,MEL,MEL,disease
GSM71739,GSE03189,MEL,hgu133a.db,MEL,MEL,disease
GSM71738,GSE03189,MEL,hgu133a.db,MEL,MEL,disease
GSM71737,GSE03189,MEL,hgu133a.db,MEL,MEL,disease
GSM71736,GSE03189,MEL,hgu133a.db,MEL,MEL,disease
GSM71734,GSE03189,MEL,hgu133a.db,MEL,MEL,disease
GSM71733,GSE03189,MEL,hgu133a.db,MEL,MEL,disease
GSM71732,GSE03189,MEL,hgu133a.db,MEL,MEL,disease
GSM71731,GSE03189,MEL,hgu133a.db,MEL,MEL,disease
GSM71730,GSE03189,MEL,hgu133a.db,MEL,MEL,disease
GSM71715,GSE03189,MEL,hgu133a.db,MEL,MEL,disease
GSM71729,GSE03189,MEL,hgu133a.db,MEL,MEL,disease
GSM71727,GSE03189,MEL,hgu133a.db,MEL,MEL,disease
GSM71726,GSE03189,MEL,hgu133a.db,MEL,MEL,disease
GSM71725,GSE03189,MEL,hgu133a.db,MEL,MEL,disease
GSM71724,GSE03189,MEL,hgu133a.db,MEL,MEL,disease
GSM71723,GSE03189,MEL,hgu133a.db,MEL,MEL,disease
GSM71722,GSE03189,MEL,hgu133a.db,MEL,MEL,disease
GSM71721,GSE03189,MEL,hgu133a.db,MEL,MEL,disease
GSM71720,GSE03189,MEL,hgu133a.db,MEL,MEL,disease
GSM71719,GSE03189,MEL,hgu133a.db,MEL,MEL,disease
GSM71718,GSE03189,MEL,hgu133a.db,MEL,MEL,disease
GSM71717,GSE03189,MEL,hgu133a.db,MEL,MEL,disease
GSM71728,GSE03189,MEL,hgu133a.db,MEL,MEL,disease
GSM71713,GSE03189,MEL,hgu133a.db,MEL,MEL,disease
